6.857140000000003,0.0
6.928638487337009,-0.01333588278829394
7.000277225975906,-0.026914195683864918
7.072006165293286,-0.04066314289532409
7.143775254665749,-0.054510928631281756
7.215534443469891,-0.06838575710034896
7.287233681082299,-0.08221583251113591
7.358822916879576,-0.09592935907225349
7.430252100238311,-0.10945454099231215
7.501471180535103,-0.1227195824799227
7.572430107146541,-0.1356526877436957
7.643078829449226,-0.1481820609922419
7.71336729681975,-0.16023590643417168
7.783245458634711,-0.17174242827809597
7.852663264270693,-0.18262983073262506
7.921570663104305,-0.1928263180063699
7.989917604512132,-0.20226009430794112
8.057654037870774,-0.21085936384594922
8.124729912556827,-0.21855233082900483
8.191095177946877,-0.22526719946571866
8.256699783417524,-0.23093217396470112
8.321493678345368,-0.23547545853456336
8.385426812106996,-0.23882525738391552
8.448449134079006,-0.24090977472136843
8.510510593637992,-0.2416572147555328
8.571561140160549,-0.240995781695019
8.631550723023274,-0.23885367974843805
8.690429291602756,-0.23515911312440024
8.748146795275597,-0.22984028603151635
8.80465318341839,-0.22282540267839715
8.859898405407723,-0.21404266727365298
8.9138324106202,-0.20342028402589477
8.96640514843241,-0.19088645714373292
9.01756656822095,-0.17636939083577835
9.067266619362414,-0.1597972893106414
9.115455251233394,-0.1410983567769325
9.162082413210491,-0.12020079744326295
9.207098054670299,-0.09703281551824317
9.250452124989405,-0.07152261521048348
9.292094573544412,-0.04359840072859461
9.331975349711911,-0.01318837628118752
9.370045867016552,0.019776680982802025
9.406299328657433,0.055292557120614025
9.44077580428112,0.09327268000690327
9.473517847222691,0.13362611294244184
9.504568010817236,0.17626191922800186
9.533968848399828,0.2210891621643562
9.561762913305548,0.2680169050522767
9.587992758869479,0.31695421119253575
9.6127009384267,0.3678101438859057
9.635930005312293,0.420493766433159
9.657722512861342,0.4749141421350681
9.678121014408926,0.5309803342924049
9.697168063290123,0.5886014062059416
9.714906212840013,0.6476864211764515
9.731378016393682,0.7081444425047054
9.746626027286212,0.7698845334914765
9.760692798852682,0.8328157574375373
9.77362088442817,0.89684717764366
9.785452837347757,0.9618878574106164
9.796231210946527,1.0278468600391792
9.80599855855956,1.094633248830121
9.814797433521935,1.1621560870842136
9.822670389168735,1.230324438102229
9.829659978835044,1.2990473651849408
9.835808755855938,1.3682339316331207
9.841159273566499,1.4377932007475396
9.845754085301804,1.5076342358289718
9.849635744396945,1.5776661001781884
9.852846804186994,1.6477978570959633
9.855429818007034,1.717938569883067
9.857427339192146,1.787997301840272
9.858881921077412,1.8578831162683516
9.85983611699791,1.927505076468078
9.860332480288722,1.9967722457402213
9.860413357389408,2.065594344044593
9.860108985349928,2.133919524941628
9.859431004602488,2.2017549651964554
9.85838947591316,2.269112855225562
9.856994460048005,2.3360053854454317
9.855256017773092,2.4024447462725504
9.853184209854492,2.4684431281234045
9.85078909705826,2.5340127214144754
9.848080740150476,2.599165716562253
9.845069199897198,2.6639143039832183
9.841764537064494,2.7282706740938596
9.83817681241843,2.792247017310661
9.83431608672508,2.8558555240501073
9.8301924207505,2.9191083847286845
9.825815875260762,2.982017789762878
9.821196511021935,3.0445959295691716
9.816344388800077,3.106854994564051
9.811269569361267,3.1688071751640026
9.80598211347156,3.2304646617855095
9.800492081897026,3.291839644845058
9.79480953540374,3.352944314759135
9.788944534757757,3.4137908619442237
9.782907140725149,3.47439147681681
9.77670741407198,3.534758349793377
9.770355415564321,3.594903671290414
9.763861205968237,3.6548396317244025
9.757234846049792,3.7145784215118303
9.750486396575052,3.774132231069181
9.74362591831009,3.8335132508129393
9.736663472020965,3.8927336711595926
9.729609118473748,3.9518056825256247
9.722472918434505,4.010741475327521
9.715264932669305,4.069553239981766
9.707995221944206,4.1282531669048455
9.700673847025284,4.186853446513245
9.693310868678601,4.24536626922345
9.68591634767023,4.303803825451945
9.678500344766226,4.362178305615216
9.671072920732666,4.420501900129747
9.66364413633561,4.478786799412024
9.656224052341125,4.537045193878532
9.648822729515285,4.595289273945757
9.641450228624148,4.6535312300301825
9.634116610433784,4.711783252548295
9.62683193571026,4.770057531916579
9.619606265219643,4.828366258551521
9.612449659728,4.886721622869605
9.605372180001389,4.945135815287314
9.598383886805891,5.003621026221139
9.591494840907567,5.062189446087562
9.584715103072478,5.120853265303067
9.578054734066693,5.179624674284138
9.571523794656287,5.238515863447265
9.565132345607314,5.29753902320893
9.55889044768585,5.35670634398562
9.552808161657957,5.41603001619382
9.5468955482897,5.47552223025001
9.541162668347152,5.535195176570682
9.535619582596375,5.59506104557232
9.530276351803437,5.655132027671408
9.525143036734404,5.71542031328443
9.520229698155342,5.775938092827872
9.51554639683232,5.83669755671822
9.511103193531403,5.89771089537196
9.506910149018655,5.958990299205574
9.50297732406015,6.020547958635552
9.499314779421946,6.082396064078374
9.49593257587011,6.144546805950526
9.492840774170721,6.207012374668499
9.490049435089832,6.269804960648771
9.487568619393514,6.332936754307831
9.485408387847832,6.396419946062162
9.483578801218858,6.460266726328253
9.482089920272653,6.524489285522586
9.480951805775288,6.5890998140616475
9.480174518492824,6.654110502361922
9.479768119191332,6.719533540839894
9.479742668636877,6.785381119912051
9.480105230048338,6.851663184062581
9.480767923914824,6.918318541299941
9.481530747437427,6.985201990508594
9.482187234332756,7.05216348776399
9.482530918317403,7.119052989141565
9.48235533310797,7.185720450716768
9.481454012421052,7.252015828565038
9.479620489973252,7.317789078761824
9.476648299481166,7.382890157382567
9.472330974661393,7.447169020502708
9.466462049230529,7.51047562419769
9.458835056905174,7.572659924542961
9.449243531401926,7.633571877613961
9.437481006437388,7.693061439486135
9.423341015728152,7.7509785662349255
9.406617092990821,7.807173213935776
9.38710277194199,7.86149533866413
9.364591586298257,7.913794896495431
9.338877069776226,7.9639218435051236
9.30975275609249,8.011726135768647
9.277026136193259,8.057066499856735
9.240725538437037,8.099940432965568
9.201055644329202,8.140456249730477
9.158226054399893,8.178725355821655
9.112446369179269,8.214859156909307
9.06392618919746,8.248969058663622
9.012875114984604,8.281166466754796
8.959502747070852,8.311562786853028
8.904018685986342,8.340269424628518
8.846632532261216,8.367397785751454
8.787553886425616,8.393059275892044
8.72699234900969,8.417365300720482
8.665157520543575,8.440427265906957
8.60225900155741,8.46235657712167
8.538506392581342,8.483264640034818
8.474109294145514,8.503262860316605
8.409277306780064,8.522462643637216
8.344220031015139,8.540975395666855
8.279141946486792,8.558909933440786
8.214143301029788,8.576322384351162
8.149227124498475,8.593219731664943
8.08439273075159,8.609607080196643
8.019639433647871,8.625489534760764
7.954966547046049,8.640872200171822
7.890373384804856,8.65576018124432
7.825859260783035,8.670158582792768
7.761423488839313,8.684072509631674
7.6970653828324345,8.697507066575547
7.6327842566211235,8.710467358438894
7.56857942406412,8.722958490036225
7.50445019902016,8.73498556618205
7.440395895347975,8.746553691690876
7.376415826906304,8.757667971377211
7.312509307553882,8.76833351005556
7.248675651149438,8.77855541254044
7.184914171551711,8.788338783646353
7.121224182619436,8.797688728187808
7.057604998211346,8.806610350979316
6.99405593218618,8.81510875683538
6.930576298402668,8.823189050570518
6.86716541071955,8.830856336999231
6.803822582995553,8.838115720936027
6.740547129089421,8.844972307195421
6.677338362859884,8.851431200591916
6.614195598165678,8.85749750594002
6.551118148865537,8.863176328054248
6.488105328818194,8.868472771749097
6.425156451882389,8.873391941839087
6.362270831916852,8.877938943138723
6.299447782780322,8.882118880462508
6.236686618331531,8.885936858624957
6.173986652429214,8.889397982440576
6.111347198932107,8.892507356723874
6.048767571698945,8.89527008628936
5.986247084588463,8.897691275951539
5.923785051459395,8.899776030524924
5.861380786170477,8.901529454824024
5.79903360258044,8.90295665366334
5.736742814548023,8.904062731857387
5.674507735931962,8.904852794220673
5.612327680590989,8.905331945567706
5.550201962383838,8.905505290712991
5.488129895169246,8.905377934471044
5.4261107928059475,8.904954981656365
5.364143969152679,8.90424153708347
5.302228738068173,8.90324270556686
5.240364413411163,8.90196359192105
5.178550309040388,8.900409300960545
5.116785738814579,8.898584937499852
5.055070016592475,8.896495606353485
4.993402456232807,8.894146412335948
4.931782371594312,8.891542460261748
4.870209076535723,8.888688854945398
4.808681884915777,8.885590701201409
4.747200110593209,8.88225310384428
4.685763067426752,8.878681167688526
4.624370069275145,8.874879997548653
4.563020429997115,8.870854698239174
4.501713463451404,8.866610374574588
4.440448483496747,8.862152131369417
4.379224803991872,8.857485073438157
4.318041738795522,8.852614305595324
4.256898601766423,8.84754493265542
4.195794706763321,8.842282059432963
4.134729367644943,8.836830790742452
4.073701898270024,8.831196231398398
4.012711612497303,8.825383486215314
3.951757824185509,8.819397660007704
3.890839847193386,8.813243857590077
3.829956995379661,8.806927183776944
3.7691085826030695,8.80045274338281
3.708293922722351,8.793825641222185
3.647512329596233,8.787050982109578
3.58676311708346,8.780133870859498
3.5260455990427606,8.773079412286453
3.4653590893328676,8.765892711204947
3.4047029018125228,8.758578872429496
3.344076350340455,8.751143000774604
3.283478748775405,8.743590201054785
3.2229094109761034,8.735925578084538
3.162367650801283,8.728154236678378
3.101852782109684,8.72028128165081
3.041364118760037,8.712311817816348
2.9809009746110804,8.704250949989492
2.920462663521546,8.696103782984759
2.8600484993501722,8.687875421616651
2.7996577959556928,8.679570970699684
2.7392898671968378,8.671195535048357
2.6789440269323497,8.662754219477186
2.6186195890209563,8.654252128800676
2.558315867321399,8.645694367833336
2.4980321756924093,8.637086041389672
2.4377678279927197,8.6284322542842
2.3775221380810714,8.61973811133142
2.317294419816191,8.611008717345845
2.2570839870568227,8.602249177141985
2.196890153661695,8.593464595534341
2.1367122334895425,8.58466007733743
2.0765495403991054,8.575840727365758
2.0164013882491116,8.567011650433829
1.9562670908983026,8.558177951356155
1.8961459622054107,8.549344734947248
1.8360373160291672,8.540517106021609
1.7759404662283131,8.531700169393753
1.7158547266615773,8.522899029878184
1.6557794111877013,8.514118792289414
1.5957138336654162,8.505364561441947
1.5356573079534543,8.496641442150297
1.4756091479105558,8.48795453922897
1.4155686673954504,8.479308957492472
1.355535180266879,8.470709801755314
1.2955080003835695,8.462162176832004
1.235486441604264,8.453671187537052
1.1754698177876937,8.445241938684966
1.1154574427925903,8.43687953509025
1.055448630477696,8.428589081567416
0.995442694701738,8.420375682930977
0.9354389493234584,8.412244443995434
0.8754367082015876,8.404200469575299
0.8154352851948597,8.39624886448508
0.7554339941620132,8.388394733539286
0.6954321489617777,8.380643181552422
0.6354290634528958,8.372999313339001
0.5754240514940978,8.36546823371353
0.5154164269441157,8.35805504749052
0.4554055036616902,8.350764859484471
0.3953905955055512,8.3436027745099
0.3353710163344388,8.336573897381314
0.2753460800070857,8.329683332913218
0.21531510038222135,8.322936185920126
0.15527739131858942,8.31633756121654
0.09523226667491791,8.309892563616973
0.03517904030994767,8.30360629793593
-0.02488296685321165,8.297483789547597
-0.08495418107445082,8.291527220849094
-0.14503471228401252,8.28573521704831
-0.205124650444901,8.280106178817453
-0.2652240855201072,8.274638506828728
-0.32533310747263217,8.269330601754342
-0.38545180626547687,8.2641808642665
-0.44558027186163224,8.25918769503741
-0.5057185942241024,8.254349494739277
-0.565866863315878,8.249664664044305
-0.6260251690999608,8.245131603624701
-0.6861936015393512,8.240748714152675
-0.7463722505970398,8.236514396300429
-0.8065612062360321,8.232427050740164
-0.8667605584193177,8.228485078144097
-0.9269703971099017,8.224686879184425
-0.9871908122707747,8.221030854533359
-1.0474218938649373,8.217515404863105
-1.1076637318553917,8.214138930845868
-1.1679164162051272,8.210899833153853
-1.2281800368771496,8.207796512459264
-1.2884546838344484,8.20482736943431
-1.3487404470400253,8.201990804751196
-1.409037416456881,8.19928521908213
-1.4693456820480075,8.196709013099316
-1.529665333776408,8.194260587474957
-1.589996461605074,8.191938342881269
-1.650339155497005,8.189740679990448
-1.7106935054152037,8.187665999474701
-1.7710596013226603,8.185712702006239
-1.8314375331823798,8.183879188257265
-1.8918273909573518,8.182163858899985
-1.9522292646105777,8.180565114606605
-2.012643244105059,8.179081356049332
-2.0730694194037858,8.177710983900369
-2.1335078804697636,8.176452398831925
-2.1939587172659833,8.175304001516208
-2.2544220197554443,8.174264192625419
-2.3148978779011484,8.173331372831766
-2.3753863816660874,8.172503942807454
-2.4358876210132645,8.171780303224692
-2.49640168590567,8.171158854755685
-2.5569286663063093,8.170637998072635
-2.6174686521781743,8.170216133847752
-2.6780217334842638,8.16989166275324
-2.7385880001875793,8.169662985461308
-2.7991675422511126,8.16952850264416
-2.859760449637869,8.169486614974003
-2.920366812310836,8.169535723123039
-2.980986720233016,8.169674227763478
-3.0416202633674128,8.169900529567526
-3.1022675316770134,8.170213029207387
-3.162928615124824,8.17061012735527
-3.2236036036738347,8.171090224683375
-3.284292587287048,8.171651721863915
-3.344995655927463,8.172293019569091
-3.4057128995580728,8.173012518471113
-3.4664444081418786,8.173808619242184
-3.5271902716418744,8.17467972255451
-3.587950580021059,8.175624229080297
-3.6487254232424347,8.176640539491753
-3.709514891268991,8.177727054461084
-3.7703190740637336,8.178882174660492
-3.8311380615896535,8.180104300762187
-3.8919719438097493,8.181391833438372
-3.9528208106870255,8.182743173361258
-4.01368475218447,8.184156721203044
-4.074563858265089,8.185630877635942
-4.1354582188918725,8.187164043332155
-4.196367924027823,8.188754618963891
-4.257293063635937,8.190401005203352
-4.318233727679212,8.192101602722747
-4.3791900061206475,8.193854812194285
-4.4401619889232355,8.195659034290166
-4.501149766049978,8.197512669682599
-4.562153427463874,8.199414119043789
-4.623173063127916,8.201361783045941
-4.684208763005108,8.203354062361264
-4.745260617058441,8.205389357661964
-4.8063287152509195,8.207466069620244
-4.867413147545534,8.20958259890831
-4.928514003905284,8.211737346198372
-4.9896313742931735,8.213928712162632
-5.050765348672192,8.216155097473296
-5.111916017005344,8.218414902802575
-5.173083469255619,8.220706528822669
-5.234267795386019,8.223028376205788
-5.295469085359545,8.225378845624133
-5.356687429139189,8.227756337749915
-5.417922916687953,8.230159253255339
-5.47917563796883,8.23258599281261
-5.54044568294482,8.235034957093934
-5.601733141578925,8.237504546771518
-5.663038103834133,8.239993162517566
-5.724360659673451,8.242499205004284
-5.7857008990598695,8.245021074903882
-5.847058911956389,8.247557172888563
-5.908434788326011,8.250105899630533
-5.969828618131727,8.252665655801996
-6.031240491336538,8.255234842075163
-6.092670497903438,8.257811859122235
-6.154118727795426,8.26039510761542
-6.215585270975507,8.262982988226923
-6.277070217406668,8.265573901628956
-6.338573657051914,8.268166248493715
-6.400095679874235,8.270758429493412
-6.461636375836639,8.273348845300255
-6.523195834902113,8.275935896586443
-6.5847741470336585,8.278517984024187
-6.646371402194282,8.281093508285695
-6.7079876903469655,8.283660870043168
-6.769623101454718,8.286218469968812
-6.831277725480531,8.288764708734837
-6.892951652387405,8.291297987013447
-6.954644972138338,8.293816705476845
-7.016357774696325,8.296319264797242
-7.07809015002437,8.298804065646845
-7.139842188085462,8.301269508697853
-7.201613978842603,8.303713994622475
-7.26340561225879,8.306135924092917
-7.32521717829702,8.30853369778139
-7.387048766920295,8.310905716360095
-7.4489004680916056,8.313250380501238
-7.510772371773953,8.315566090877025
-7.572664567930336,8.31785124815966
-7.634577146523748,8.320104253021356
-7.696510197517196,8.322323506134314
-7.758463810873666,8.324507408170739
-7.82043807655616,8.32665435980284
-7.882433084527678,8.32876276170282
-7.944448924751216,8.33083101454289
-8.006485687189773,8.33285751899525
-8.06854346180634,8.334840675732108
-8.130622338563922,8.336778885425673
-8.192722407425515,8.338670548748144
-8.254843758354117,8.340514066371735
-8.316986481312725,8.342307838968647
-8.379150666264334,8.34405026721109
-8.441336403171944,8.345739751771266
-8.503543781998552,8.347374693321381
-8.565772892707155,8.348953492533646
-8.628023825260758,8.35047455008026
-8.690296669622345,8.351936266633434
-8.752591515754926,8.353337042865371
-8.814908453621488,8.354675279448278
-8.877247573185034,8.355949377054364
-8.939608964408567,8.35715773635583
-9.001992717255076,8.358298758024887
-9.064398921687564,8.359370842733735
-9.126827667669023,8.360372391154586
-9.189279045162454,8.361301803959641
-9.25175314413086,8.36215748182111
-9.31425005453723,8.362937825411198
-9.376769866344567,8.36364123540211
-9.43931266951586,8.36426611246605
-9.501878554014116,8.364810857275227
-9.564467609802335,8.365273870501847
-9.627079926843503,8.365653552818115
-9.689715595100626,8.365948304896234
-9.752374704536699,8.366156527408416
-9.81505734511472,8.366276621026865
-9.87776360679769,8.366306986423785
-9.9404935795486,8.366246024271383
-10.003247353330453,8.366092135241864
-10.066025018106243,8.365843720007437
-10.128826663838968,8.365499179240306
-10.19165238049163,8.365056913612676
-10.254502258027221,8.364515323796756
-10.317376386408743,8.363872810464745
-10.380274855599188,8.363127774288856
-10.443197755561565,8.362278615941296
-10.506145176258858,8.361323736094267
-10.569117207654067,8.360261535419973
-10.6321139397102,8.359090414590625
-10.695135462390247,8.357808774278427
-10.758181865657203,8.356415015155584
-10.821253239474068,8.354907537894302
-10.884349673803843,8.35328474316679
-10.947471258609522,8.351545031645252
-11.010618083854109,8.349686804001891
-11.073790239500589,8.347708460908917
-11.136987815511969,8.345608403038536
-11.200210901851245,8.343385031062951
-11.26345958848141,8.341036745654371
-11.326733965365477,8.338561947485
-11.390034122466425,8.335959037227045
-11.453360149747256,8.333226415552712
-11.516712137170975,8.330362483134206
-11.580090174700574,8.327365640643736
-11.643494352299058,8.324234288753502
-11.706924759929407,8.320966828135713
-11.770381487554637,8.31756165946258
-11.833864625137737,8.314017183406303
-11.897374262641705,8.310331800639089
-11.960910490029548,8.306503911833143
-12.024473397264243,8.302531917660673
-12.088063074308806,8.298414218793885
-12.151679611126227,8.294149215904985
-12.215317513053591,8.289724523947667
-12.278915401577256,8.285019828089027
-12.342379717749884,8.279852662672713
-12.405616516235877,8.274039815801677
-12.468531851699641,8.26739807557888
-12.53103177880558,8.259744230107279
-12.593022352218096,8.250895067489823
-12.654409626601582,8.240667375829482
-12.715099656620442,8.228877943229197
-12.774998496939084,8.215343557791936
-12.834012202221903,8.199881007620649
-12.892046827133312,8.182307080818289
-12.949008426337697,8.162438565487822
-13.004803054499467,8.1400922497322
-13.059336766283025,8.115084921654377
-13.112519976484885,8.087247910389056
-13.164318084328563,8.056595918023275
-13.214734116413796,8.023269133867446
-13.263771830723341,7.987410186392738
-13.31143498523993,7.949161704070321
-13.357727337946303,7.908666315371359
-13.402652646825212,7.8660666487670206
-13.446214669859376,7.821505332728478
-13.48841716503154,7.775124995726897
-13.529263890324453,7.7270682662334504
-13.56875860372085,7.677477772719293
-13.60690506320346,7.626496143655608
-13.643707026755033,7.574266007513559
-13.679168252358306,7.520929992764313
-13.713292497996019,7.466630727879038
-13.746083521650911,7.411510841328896
-13.777545081305718,7.35571296158507
-13.807680934943182,7.29937971711872
-13.836494840546042,7.242653736401015
-13.863990556097033,7.18567764790312
-13.890172318603726,7.128590059353147
-13.915053121210304,7.071456082964635
-13.938653615302435,7.01427655073015
-13.960994710475372,6.957050127334122
-13.982097316324367,6.8997754774609765
-14.001982342444668,6.842451265795131
-14.020670698431529,6.785076157021028
-14.038183293880193,6.727648815823085
-14.054541038385922,6.670167906885729
-14.06976484154396,6.612632094893385
-14.08387561294956,6.555040044530476
-14.096894262197967,6.497390420481435
-14.108841698884437,6.439681887430686
-14.119738832604222,6.381913110062656
-14.12960657295257,6.32408275306177
-14.138465829524733,6.266189481112446
-14.146337511915963,6.208231958899124
-14.153242529721503,6.150208851106225
-14.159201792536615,6.092118822418175
-14.164236209956542,6.033960537519399
-14.168366691576539,5.975732661094318
-14.171614146991853,5.917433857827371
-14.173999485797738,5.859062792402976
-14.175543617589442,5.80061812950556
-14.176267451962218,5.742098533819551
-14.176191898511316,5.683502670029365
-14.175337866831988,5.624829202819447
-14.173726266519482,5.566076796874211
-14.171378007169046,5.507244116878084
-14.168313998375941,5.448329827515494
-14.16455514973541,5.389332593470861
-14.160122370842704,5.330251079428624
-14.155036571293076,5.271083950073201
-14.149318660681775,5.211829870089021
-14.142989548604051,5.152487504160505
-14.136070144655157,5.093055516972077
-14.128581358430345,5.033532573208177
-14.120544099524865,4.973917337553224
-14.111979277533964,4.914208474691641
-14.102907802052895,4.854404649307855
-14.093350582676909,4.794504526086289
-14.083328529001255,4.73450676971138
-14.07286255062119,4.674410044867547
-14.061973557131955,4.614213016239217
-14.050682458128811,4.553914348510818
-14.039010163207001,4.493512706366766
-14.026977581961779,4.433006754491504
-14.014605623988391,4.3723951575694455
-14.001915198882095,4.311676580285025
-13.988927216238137,4.250849687322656
-13.975662585651772,4.189913143366782
-13.962142216718243,4.128865613101818
-13.948387019032817,4.067705761212196
-13.934417902190724,4.006432252382337
-13.920255775787227,3.945043751296662
-13.905921549417572,3.8835389226396106
-13.891436132677015,3.821916431095603
-13.8768204351608,3.7601749413490646
-13.862095366464183,3.698313118084423
-13.847281836182415,3.636329625986096
-13.83240075391074,3.574223129738524
-13.817473029244418,3.5119922940261263
-13.802519571778694,3.4496357835333296
-13.787561291108819,3.387152262944559
-13.772619096830045,3.324540396944235
-13.75771389853762,3.261798850216796
-13.742866605826798,3.1989262874466626
-13.728098128292832,3.1359213733182605
-13.71342937553097,3.0727827725160166
-13.698881257136456,3.009509149724349
-13.68447468270455,2.946099169627698
-13.670230561830504,2.882551496910484
-13.656169804109561,2.8188647962571327
-13.642313319136978,2.7550377323520694
-13.628682016507996,2.6910689698797134
-13.615296805817877,2.626957173524505
-13.60217859666187,2.562701007970865
-13.589348298635223,2.498299137903217
-13.576826821333187,2.4337502280059895
-13.564635074351006,2.369052942963599
-13.552793967283945,2.3042059474604892
-13.541324409727245,2.2392079061810763
-13.530247311276156,2.1740574838097877
-13.519583581525936,2.1087533450310496
-13.509354130071829,2.0432941545292813
-13.499579866509091,1.9776785769889222
-13.490281700432966,1.9119052770943923
-13.48148054143871,1.8459729195301173
-13.473197299121573,1.7798801689805237
-13.465452883076805,1.7136256901300306
-13.458268202899657,1.6472081476630778
-13.45166416818538,1.5806262062640855
-13.445661688529224,1.5138785306174787
-13.440281673526439,1.4469637854076844
-13.435545032772277,1.3798806353191209
-13.43147267586199,1.3126277450362291
-13.428085512390822,1.2452037792434285
-13.425404451954034,1.1776074026251442
-13.423450354751765,1.1098373149549827
-13.422162778334421,1.0419499715863398
-13.421234295600703,0.9741772802325529
-13.420310752872957,0.9067843421193036
-13.419037996473522,0.840036258472281
-13.417061872724748,0.7741981305171752
-13.41402822794897,0.7095350594796677
-13.40958290846854,0.6463121465854629
-13.403371760605795,0.5847944930602426
-13.395040630683082,0.5252472001296964
-13.38423536502275,0.4679353690195137
-13.370601809947129,0.41312410095537794
-13.353785811778573,0.3610784971629907
-13.333433216839428,0.3120636588680352
-13.309224379153568,0.2663183607693452
-13.281146597759175,0.2238472038653292
-13.249348057770847,0.1845320463629924
-13.213978361133506,0.14825366554481414
-13.175187109792057,0.1148928386932604
-13.13312390569142,0.08433034309080188
-13.087938350776504,0.05644695601990625
-13.039780046992233,0.031123454763050267
-12.98879859628351,0.008240616602701345
-12.935143600595254,-0.012320781178669955
-12.87896466187238,-0.030679961298593048
-12.820411382059795,-0.04695614647459894
-12.759633363102429,-0.06126855942421345
-12.696780206945183,-0.07373642286496793
-12.632001515532975,-0.08447895951439169
-12.56544689081072,-0.09361539209001413
-12.497265934723327,-0.10126494330936546
-12.427608249215725,-0.1075468358899734
-12.35662343623281,-0.11258029254936815
-12.284461097719507,-0.11648453600507917
-12.211270835620727,-0.11937878897463587
-12.137202251881378,-0.12138227417556781
-12.062404948446387,-0.12261421432540386
-11.987028527260664,-0.12319383214167379
-11.911222590269123,-0.12324035034190693
-11.835136739416672,-0.12287299164363266
-11.758920576648224,-0.12221097876438032
-11.68272370390871,-0.12137353442167945
-11.606695574482776,-0.12047976371734355
-11.530944652250335,-0.11961634211452753
-11.455482789266108,-0.11879350857775817
-11.380307926517444,-0.11801049603499664
-11.30541800499173,-0.11726653741420441
-11.230810965676325,-0.11656086564334267
-11.156484749558594,-0.1158927136503727
-11.0824372976259,-0.11526131436325572
-11.008666550865604,-0.11466590070995301
-10.93517045026509,-0.11410570561842595
-10.861946936811712,-0.11357996201663569
-10.788993951492845,-0.11308790283254362
-10.716309435295843,-0.11262876099411093
-10.64389132920807,-0.11220176942929885
-10.571737574216911,-0.1118061610660688
-10.49984611130972,-0.11144116883238195
-10.428214881473862,-0.1111060256561996
-10.356841825696707,-0.11079996446548301
-10.285724884965614,-0.11052221818819348
-10.21486200026796,-0.11027201975229226
-10.144251112591107,-0.11004860208574066
-10.073890162922421,-0.10985119811649995
-10.003777092249265,-0.10967904077253134
-9.933909841558998,-0.10953136298179615
-9.864286351839011,-0.10940739767225569
-9.794904564076651,-0.10930637777187117
-9.725762419259288,-0.10922753620860393
-9.656857858374288,-0.10917010591041516
-9.588188822409009,-0.1091333198052662
-9.519753252350835,-0.10911641082111832
-9.451549089187125,-0.1091186118859328
-9.383574273905237,-0.10913915592767086
-9.315826747492544,-0.10917727587429382
-9.248304450936407,-0.10923220465376296
-9.181005325224206,-0.10930317519403951
-9.113927311343291,-0.10938942042308478
-9.047068350281041,-0.10949017326886003
-8.980426383024804,-0.10960466665932658
-8.91399935056197,-0.10973213352244564
-8.847785193879888,-0.1098718067861785
-8.781781853965935,-0.11002291937848646
-8.715987271807467,-0.11018470422733076
-8.650399388391849,-0.11035639426067272
-8.585016144706461,-0.11053722240647357
-8.519835481738658,-0.1107264215926946
-8.454855340475813,-0.1109232247472971
-8.390073661905289,-0.11112686479824233
-8.325488387014442,-0.11133657467349158
-8.261097456790656,-0.11155158730100609
-8.19689881222129,-0.11177113560874714
-8.132890394293707,-0.11199445252467602
-8.069070143995276,-0.11222077097675401
-8.005436002313356,-0.1124493238929424
-7.941985910235327,-0.11267934420120243
-7.878717808748547,-0.11291006482949538
-7.815629638840384,-0.11314071870578252
-7.752719341498203,-0.11337053875802515
-7.689984857709363,-0.11359875791418453
-7.627424128461244,-0.11382460910222195
-7.565035094741207,-0.11404732525009863
-7.502815697536615,-0.1142661392857759
-7.440763877834838,-0.114480284137215
-7.378877576623233,-0.11468899273237727
-7.317154734889179,-0.11489149799922387
-7.255593293620036,-0.11508703286571619
-7.194191193803172,-0.1152748302598154
-7.13294637642595,-0.11545412310948286
-7.071856782475736,-0.11562414434267987
-7.0109203529399,-0.11578412688736753
-6.950135028805808,-0.11593330367150734
-6.889498751060824,-0.11607090762306038
-6.829009460692316,-0.11619617166998808
-6.768665098687643,-0.11630832874025158
-6.708463606034182,-0.11640661176181225
-6.648402923719296,-0.11649025366263137
-6.5884809927303465,-0.11655848737067012
-6.528695754054706,-0.11661054581388988
-6.469045148679729,-0.11664566192025183
-6.409527117592796,-0.11666306861771733
-6.350139601781266,-0.1166619988342476
-6.290880542232509,-0.11664168549780392
-6.231747879933886,-0.11660136153634759
-6.172739555872761,-0.11654025987783985
-6.11385351103651,-0.11645761345024201
-6.055087686412494,-0.11635265518151532
-5.9964400229880805,-0.11622461799962105
-5.937908461750634,-0.11607273483252051
-5.879490943687514,-0.11589623860817493
-5.821185409786098,-0.11569436225454559
-5.762989801033751,-0.11546633869959383
-5.704902058417832,-0.11521140087128082
-5.646920122925715,-0.11492878169756794
-5.589041935544755,-0.11461771410641634
-5.531265437262332,-0.11427743102578744
-5.473588569065804,-0.11390716538364243
-5.41600927194254,-0.11350615010794259
-5.358525486879905,-0.11307361812664916
-5.301135154865258,-0.11260880236772346
-5.243836216885979,-0.11211093575912677
-5.186626613929428,-0.11157925122882036
-5.129504286982971,-0.1110129817047655
-5.072467177033973,-0.11041136011492352
-5.015513225069794,-0.10977361938725551
-4.958640372077814,-0.1090989924497229
-4.901846559045395,-0.10838671223028706
-4.845129726959896,-0.107636011656909
-4.788487816808685,-0.10684612365755011
-4.731918769579135,-0.10601628116017175
-4.675420526258609,-0.10514571709273518
-4.61899102783447,-0.10423366438320164
-4.5626282152940885,-0.10327935595953233
-4.506330029624822,-0.1022820247496885
-4.450094411814049,-0.1012409036816316
-4.39391930284913,-0.10015522568332286
-4.33780264371743,-0.09902422368272348
-4.281742375406318,-0.09784713060779479
-4.2257364389031515,-0.09662317938649789
-4.169782775195309,-0.0953516029467943
-4.113879325270153,-0.09403163421664525
-4.058024030115047,-0.09266250612401193
-4.002214830717357,-0.09124345159685562
-3.9464496680644454,-0.08977370356313752
-3.8907264831436894,-0.08825249495081913
-3.8350432169424478,-0.0866790586878616
-3.7793978104480885,-0.08505262770222621
-3.7237882046479758,-0.08337243492187421
-3.668212340529473,-0.08163771327476674
-3.612668159079955,-0.07984769568886538
-3.5571536012867835,-0.07800161509213124
-3.5016666081373256,-0.07609870441252566
-3.446205120618947,-0.07413819657800981
-3.390767079719006,-0.07211932451654482
-3.335350426424882,-0.07004132115609232
-3.2799531017239345,-0.0679034194246135
-3.224573046603533,-0.06570485225006956
-3.1692082020510393,-0.06344485256042173
-3.1138565090538153,-0.06112265328363106
-3.05851590859924,-0.05873748734765938
-3.003184341674671,-0.05628858768046763
-2.9478597492674785,-0.05377518721001717
-2.892540072365025,-0.051196518864269236
-2.837223251954673,-0.04855181557118479
-2.781907229023799,-0.0458403102587257
-2.726589944559764,-0.04306123585485294
-2.6712693395499345,-0.04021382528752787
-2.6159433549816766,-0.03729731148471166
-2.56060993184235,-0.03431092737436531
-2.5052670111193325,-0.031253905884450706
-2.449912533799984,-0.02812547994292877
-2.3945444408716727,-0.024924882477760896
-2.3391606733217634,-0.021651346416908274
-2.283759172137616,-0.018304104688331768
-2.2283378783066095,-0.014882390219993519
-2.172894732816103,-0.011385435939854333
-2.1174276766534645,-0.007812474775875572
-2.061934650806058,-0.004162739656018349
-2.006413596261245,-0.00043546350824372193
-1.950862563250485,0.0033697175439545706
-1.895280221551943,0.007250880768379759
-1.8396654590833765,0.011205298328297326
-1.7840171640056623,0.015230241489664089
-1.7283342244796727,0.019322981518437032
-1.6726155286662996,0.02348078968057186
-1.6168599647264128,0.02770093724202581
-1.5610664208208938,0.03198069546875525
-1.5052337851106123,0.036317335626717476
-1.4493609457564602,0.040708128981868104
-1.3934467909193093,0.04515034680016418
-1.3374902087600375,0.04964126034756246
-1.281490087439525,0.05417814089001946
-1.2254453151186422,0.058758259693492264
-1.1693547799582802,0.06337888802393674
-1.1132173701193118,0.06803729714730965
-1.0570319737626146,0.0727307583295679
-1.0007974790490672,0.07745654283666799
-0.9445127741395429,0.08221192193456711
-0.8881767471949303,0.08699416688922085
-0.8317882863761032,0.09180054896658629
-0.7753462798439394,0.09662833943262014
-0.7188496157593179,0.10147480955327902
-0.6622971822831097,0.10633723059452002
-0.6056878675762072,0.11121287382229877
-0.5490205597994807,0.11609901050257242
-0.4922941471138097,0.1209929119012975
-0.4355075176800728,0.12589184928443076
-0.3786595596591412,0.13079309391792918
-0.3217491612119064,0.1356939170677486
-0.2647752104992404,0.14059158999984603
-0.20773659568202127,0.14548338398017804
-0.15063220492112836,0.1503665702747012
-0.09346092637743228,0.1552384201493729
-0.03622164821182561,0.16009620487014853
0.02108674141482099,0.16493719570298532
0.07846535434162816,0.16975866391383976
0.1359153024077184,0.17455788076866866
0.193437697452219,0.1793321175334291
0.25103365131423905,0.18407864547407654
0.30870427583290666,0.1887947358565684
0.36645068284734367,0.193477659946861
0.42427398419667167,0.19812468901091124
0.4821752917200173,0.202733094314676
0.5401557172564915,0.20730014712411107
0.5982163726452205,0.21182311870517345
0.6563583697253275,0.21629928032381993
0.7145828203359329,0.2207259032460069
0.7728908363161651,0.22510025873769174
0.8312835295051337,0.2294196180648299
0.8897620117419656,0.2336812524933786
0.9483273948657829,0.2378824332892945
1.006980790715707,0.242020431718534
1.0657233111308664,0.24609251904705437
1.1245560679503703,0.25009596654081145
1.1834801730133457,0.2540280454657621
1.2424967381589143,0.25788602708786296
1.3016068752261976,0.2616671826730706
1.360811696054325,0.26536878348734233
1.4201123124824047,0.2689881007966337
1.4795098363495633,0.27252240586690185
1.5390053794949243,0.27596896996410336
1.5986000537576077,0.2793250643541949
1.6582949709767436,0.28258796030313343
1.7180912429914392,0.2857549290768749
1.7779899816408231,0.28882324194137615
1.837992298764016,0.291790170162594
1.8980993062001406,0.2946529850064849
1.9583121157883252,0.297408957739006
2.0186318393676785,0.3000553596261131
2.079059588777327,0.3025894619337631
2.139596475856394,0.305008535927913
2.2002436124440004,0.30730985287451895
2.261002110379275,0.30949068403953806
2.321873081501325,0.31154830068892647
2.3828576376492796,0.313479974088641
2.443956890662261,0.31528297550463824
2.505171952379396,0.31695457620287515
2.566503934639794,0.3184920474493078
2.627953949282583,0.31989266050989323
2.6895231081468842,0.32115368665058774
2.7512125230718203,0.32227239713734823
2.8130233058965186,0.32324606323613136
2.874956568460087,0.3240719562128935
2.9370134226016553,0.32474734733359134
2.9991949801603437,0.3252695078641816
3.0615023529752747,0.3256357090706209
3.123936652885577,0.32584322221886597
3.1864989917303577,0.3258893185748731
3.2491904813487453,0.3257712694045991
3.3120122335798623,0.3254863459740007
3.374965360262829,0.3250318195490345
3.4380509732367757,0.3244049613956569
3.501270184340809,0.32360304277982477
3.5646241054140564,0.3226233349674946
3.6281138482956417,0.3214631092246232
3.691740524824686,0.320119636817167
3.7555052468403174,0.3185901890110826
3.8194091261816436,0.31687203707232675
3.883453274687793,0.31496245226685604
3.9476388041978874,0.31285870586062725
4.011966826551049,0.3105580691195967
4.076438453586406,0.30805781330972104
4.141054797143066,0.30535520969695706
4.205816969060158,0.30244752954726156
4.270726081176802,0.29933204412659087
4.335783245332122,0.29600602470090176
4.400989573365246,0.29246674253615035
4.46634617711528,0.288711468898294
4.531854168421354,0.2847374750532894
4.597514659122589,0.2805420322670924
4.663328761058107,0.2761224118056602
4.729297586067037,0.2714758849349487
4.795422245988487,0.26659972292091566
4.861703852661584,0.26149119702951723
4.928143517925452,0.2561475785267099
4.994742353619208,0.2505661386784501
5.0615014715819875,0.24474414875069433
5.128421983652893,0.23867888000940019
5.195505001671053,0.23236760372052362
5.262751637475594,0.22580759115002136
5.330163002905632,0.21899611356384996
5.397740209800297,0.21193044222796523
5.465484369998698,0.20460784840832552
5.533396595339965,0.19702560337088668
5.601477997663217,0.18918097838160508
5.669729688807575,0.18107124470643757
5.738152780612171,0.1726936736113397
5.80674838491611,0.16404553636227007
5.875517613558522,0.1551241042251844
5.944461578378527,0.14592664846603925
6.013581391215248,0.13645044035079118
6.082878163907813,0.12669275114539574
6.152353008295329,0.11665085211581183
6.222007036216926,0.10632201452799506
6.291841359511725,0.09570350964790175
6.361857090018855,0.08479260874148764
6.432055339577424,0.0735865830747115
6.502437220026559,0.0620827039135291
6.573003843205383,0.05027824252389673
6.643756320953017,0.038170470171771054
6.71469576510859,0.025756658123107568
6.785823287511209,0.013034077643865327
6.857140000000005,-1.6653345369377348e-16
